<?xml version="1.0" encoding="UTF-8" ?>
<container xmlns="http://symfony.com/schema/dic/services"
           xmlns:xsi="http://www.w3.org/2001/XMLSchema-instance"
           xsi:schemaLocation="http://symfony.com/schema/dic/services http://symfony.com/schema/dic/services/services-1.0.xsd">

    <parameters>
        <parameter key="sonata.user.admin.groupname">Users</parameter>
    </parameters>

    <services>
        <service id="sonata.user.admin.user" class="%sonata.user.admin.user.class%">
            <tag name="sonata.admin" manager_type="orm" group="%sonata.user.admin.groupname%" label="Users" label_catalogue="cocorico_admin_menu" label_translator_strategy="sonata.admin.label.strategy.underscore"/>
            <argument/>
            <argument>%sonata.user.admin.user.entity%</argument>
            <argument>%sonata.user.admin.user.controller%</argument>
            <call method="setUserManager">
                <argument type="service" id="fos_user.user_manager"/>
            </call>
            <call method="setTranslationDomain">
                <argument>%sonata.user.admin.user.translation_domain%</argument>
            </call>
            <call method="setBundlesEnabled">
                <argument>%kernel.bundles%</argument>
            </call>
        </service>
    </services>

</container>
